N°,Institution ,Country,Type of School,Region
1,Aalto University,"Aalto, Finland",Public,EU-ME-AF
2,Abilene Christian University,"Abilene, Texas, United States",Private,AM
3,Abo Akademi University,"Turku, Finland",Public,EU-ME-AF
4,Abu Dhabi University,"Abu Dhabi, United Arab Emirates",Private,EU-ME-AF
5,Adelphi University,"Garden City, New York, United States",Private,AM
6,Ajman University,"Ajman, United Arab Emirates",Private,EU-ME-AF
7,Alfred University,"Alfred, New York, United States",Private,AM
8,American University,"Washington, District of Columbia, United States",Private,AM
9,American University of Sharjah,"Sharjah, United Arab Emirates",Public,EU-ME-AF
10,American University of the Middle East,"Egaila Area, Dasman, Kuwait",Private,EU-ME-AF
11,Angelo State University,"San Angelo, Texas, United States",Public,AM
12,Appalachian State University,"Boone, North Carolina, United States",Public,AM
13,Arizona State University,"Tempe, Arizona, United States",Public,AM
14,Arkansas State University,"Jonesboro, Arkansas, United States",Public,AM
15,Arkansas Tech University,"Russellville, Arkansas, United States",Public,AM
16,Aston University,"Birmingham, United Kingdom",Public,EU-ME-AF
17,Auburn University,"Auburn, Alabama, United States",Public,AM
18,Auburn University at Montgomery,"Montgomery, Alabama, United States",Public,AM
19,Auckland University of Technology,"Auckland, New Zealand",Public,AP
20,Audencia E.E.S.C.,"Nantes, France",Private,EU-ME-AF
21,BI Norwegian Business School,"Oslo, Norway",Private,EU-ME-AF
22,Ball State University,"Muncie, Indiana, United States",Public,AM
23,Barry University,"Miami Shores, Florida, United States",Private,AM
24,Baruch College-The City University of New York,"New York, New York, United States",Public,AM
25,Baylor University,"Waco, Texas, United States",Private,AM
26,Belmont University,"Nashville, Tennesee, United States",Private,AM
27,Bentley University,"Waltham, Massachusetts, United States",Private,AM
28,Berry College,"Mount Berry, Georgia, United States",Private,AM
29,Bilkent University,"Ankara, Türkiye",Private,EU-ME-AF
30,"Binghamton University, State University of New York","Binghamton, New York, United States",Public,AM
31,Boise State University,"Boise, Idaho, United States",Public,AM
32,Boston University,"Boston, Massachusetts, United States",Private,AM
33,Bournemouth University,"Bournemouth, Dorset, United Kingdom",Public,EU-ME-AF
34,Bowling Green State University,"Bowling Green, Ohio, United States",Public,AM
35,Bradley University,"Peoria, Illinois, United States",Private,AM
36,Brest Business School,"Brest, France",Private,EU-ME-AF
37,Brigham Young University,"Provo, Utah, United States",Private,AM
38,"Brunel Business School, Brunel University London","Uxbridge, Middlesex, United Kingdom",Public,EU-ME-AF
39,Bryant University,"Smithfield, Rhode Island, United States",Private,AM
40,"Business School, Pontifícia Universidade Católica do Paraná","Curitiba - Parana, Brazil",Private,AM
41,"Business School, University of International Business and Economics","Chaoyang District, China (Mainland)",Public,AP
42,Butler University,"Indianapolis, Indiana, United States",Private,AM
43,CENTRUM PUCP Business School,"Lima, Peru",Private,AM
44,California State Polytechnic University Pomona,"Pomona, California, United States",Public,AM
45,"California State University, Chico","Chico, California, United States",Public,AM
46,"California State University, East Bay","Hayward, California, United States",Public,AM
47,"California State University, Fullerton","Fullerton, California, United States",Public,AM
48,"California State University, Long Beach","Long Beach, California, United States",Public,AM
49,"California State University, Los Angeles","Los Angeles, California, United States",Public,AM
50,"California State University, Northridge","Northridge, California, United States",Public,AM
51,"California State University, Sacramento","Sacramento, California, United States",Public,AM
52,"California State University, San Bernardino","San Bernardino, California, United States",Public,AM
53,"California State University, Stanislaus","Turlock, California, United States",Public,AM
54,Canisius University,"Buffalo, New York, United States",Private,AM
55,Cardiff University,"Cardiff, United Kingdom",Public,EU-ME-AF
56,Carleton University,"Ottawa, Canada",Public,AM
57,Carnegie Mellon University,"Pittsburgh, Pennsylvania, United States",Private,AM
58,Central Connecticut State University,"New Britain, Connecticut, United States",Public,AM
59,Central Michigan University,"Mount Pleasant, Michigan, United States",Public,AM
60,Central Washington University,"Ellensburg, Washington, United States",Public,AM
61,Christopher Newport University,"Newport News, Virginia, United States",Public,AM
62,Chulalongkorn University,"Bangkok, Thailand",Public,AP
63,City University of Hong Kong,"Kowloon, Hong Kong SAR",Public,AP
64,"City, University of London","London, United Kingdom",Public,EU-ME-AF
65,Clark University,"Worcester, Massachusetts, United States",Private,AM
66,Clayton State University,"Morrow, Georgia, United States",Public,AM
67,Clemson University,"Clemson, South Carolina, United States",Public,AM
68,Cleveland State University,"Cleveland, Ohio, United States",Public,AM
69,Coastal Carolina University,"Conway, South Carolina, United States",Public,AM
70,College of Charleston,"Charleston, South Carolina, United States",Public,AM
71,College of William and Mary,"Williamsburg, Virginia, United States",Public,AM
72,Colorado State University,"Fort Collins, Colorado, United States",Public,AM
73,Colorado State University-Pueblo,"Pueblo, Colorado, United States",Public,AM
74,Columbia University,"New York, New York, United States",Private,AM
75,Columbus State University,"Columbus, Georgia, United States",Public,AM
76,Commonwealth University of Pennsylvania,"Bloomsburg, Pennsylvania, United States",Public,AM
77,Concordia University,"Montreal, Canada",Public,AM
78,Copenhagen Business School,"Frederiksberg, Denmark",Public,EU-ME-AF
79,Corvinus University of Budapest,"Budapest, Hungary",Public,EU-ME-AF
80,Cranfield University,"Cranfield, Bedfordshire, United Kingdom",Public,EU-ME-AF
81,Creighton University,"Omaha, Nebraska, United States",Private,AM
82,Curtin University,"Perth, Australia",Public,AP
83,Dalhousie University,"Halifax, Canada",Public,AM
84,DePaul University,"Chicago, Illinois, United States",Private,AM
85,Deakin University,"Burwood, Australia",Public,AP
86,Delaware State University,"Dover, Delaware, United States",Public,AM
87,"Deusto Business School, University of Deusto","Bilbao, Spain",Private,EU-ME-AF
88,Drake University,"Des Moines, Iowa, United States",Private,AM
89,Drexel University,"Philadelphia, Pennsylvania, United States",Private,AM
90,Drury University,"Springfield, Missouri, United States",Private,AM
91,Dublin City University,"Dublin 9, Ireland",Public,EU-ME-AF
92,Duquesne University,"Pittsburgh, Pennsylvania, United States",Private,AM
93,Durham University,"Durham City, United Kingdom",Public,EU-ME-AF
94,EM Normandie,"Le Havre Cedex, France",Private,EU-ME-AF
95,EM Strasbourg Business School,"Strasbourg, France",Public,EU-ME-AF
96,EMLYON Business School,"Ecully Cedex, France",Private,EU-ME-AF
97,ESADE,"Barcelona, Spain",Private,EU-ME-AF
98,ESCP Business School,"Paris, France",Private,EU-ME-AF
99,ESSCA (Ecole Superieure des Sciences Commerciales d'Angers),"Angers Cedex 01, France",Private,EU-ME-AF
100,ESSEC Business School,"Cergy-Pontoise, France",Private,EU-ME-AF
101,East Carolina University,"Greenville, North Carolina, United States",Public,AM
102,East Tennessee State University,"Johnson City, Tennesee, United States",Public,AM
103,Eastern Illinois University,"Charleston, Illinois, United States",Public,AM
104,Eastern Kentucky University,"Richmond, Kentucky, United States",Public,AM
105,Eastern Michigan University,"Ypsilanti, Michigan, United States",Public,AM
106,Eastern Washington University,"Spokane, Washington, United States",Public,AM
107,Edith Cowan University,"Joondalup, Australia",Private,AP
108,"Effat College of Business, Effat University","Jeddah, Saudi Arabia",Private,EU-ME-AF
109,"Eller College of Management, The University of Arizona","Tucson, Arizona, United States",Public,AM
110,Elon University,"Elon, North Carolina, United States",Private,AM
111,Emporia State University,"Emporia, Kansas, United States",Public,AM
112,"Faculty of Business, The Hong Kong Polytechnic University","Kowloon, Hong Kong SAR",Public,AP
113,"Faculté des sciences de l'administration, Université Laval","Quebec, Canada",Public,AM
114,Fairfield University,"Fairfield, Connecticut, United States",Private,AM
115,Fairleigh Dickinson University,"Teaneck, New Jersey, United States",Private,AM
116,"Farmer School of Business, Miami University","Oxford, Ohio, United States",Public,AM
117,Feng Chia University,"Taichung City, Taiwan",Private,AP
118,Florida Atlantic University,"Boca Raton, Florida, United States",Public,AM
119,Florida Gulf Coast University,"Fort Myers, Florida, United States",Public,AM
120,Florida International University,"Miami, Florida, United States",Public,AM
121,Florida Southern College,"Lakeland, Florida, United States",Private,AM
122,Florida State University,"Tallahassee, Florida, United States",Public,AM
123,Fordham University,"Bronx, New York, United States",Private,AM
124,Francis Marion University,"Florence, South Carolina, United States",Public,AM
125,Frostburg State University,"Frostburg, Maryland, United States",Public,AM
126,Fudan University,"Yangpu District, China (Mainland)",Public,AP
127,Fundação Getulio Vargas - São Paulo,"São Paulo, SP CEP, Brazil",Private,AM
128,George Mason University,"Fairfax, Virginia, United States",Public,AM
129,Georgia College & State University,"Milledgeville, Georgia, United States",Public,AM
130,Georgia Institute of Technology,"Atlanta, Georgia, United States",Public,AM
131,Georgia Southern University,"Statesboro, Georgia, United States",Public,AM
132,Georgia State University,"Atlanta, Georgia, United States",Public,AM
133,Ghent University,"Ghent, Belgium",Public,EU-ME-AF
134,Grand Valley State University,"Grand Rapids, Michigan, United States",Public,AM
135,Grenoble Ecole de Management,"Grenoble , France",Public,EU-ME-AF
136,Griffith University,"Brisbane, Australia",Public,AP
137,Gulf University for Science and Technology,"Hawally, Kuwait",Private,EU-ME-AF
138,HEC Montréal,"Montréal, Canada",Public,AM
139,"HUFS Business School, Hankuk University of Foreign Studies","Seoul, South Korea",Private,AP
140,Hanken School of Economics,"Helsinki, Finland",Public,EU-ME-AF
141,Henderson State University,"Arkadelphia, Arkansas, United States",Public,AM
142,Hofstra University,"Hempstead, New York, United States",Private,AM
143,Hult International Business School,"Cambridge, Massachusetts, United States",Private,AM
144,ICN Business School,"Nancy, France",Private,EU-ME-AF
145,IE Business School,"Madrid, Spain",Private,EU-ME-AF
146,IESEG School of Management,"Lille, France",Private,EU-ME-AF
147,IQS-Institut Químic de Sarrià,"Barcelona, Spain",Private,EU-ME-AF
148,"ISCTE Business School, University Institute of Lisbon","Lisbon, Portugal",Public,EU-ME-AF
149,Idaho State University,"Pocatello, Idaho, United States",Public,AM
150,Illinois Institute of Technology,"Chicago, Illinois, United States",Private,AM
151,Illinois State University,"Normal, Illinois, United States",Public,AM
152,Imperial College London,"London, United Kingdom",Public,EU-ME-AF
153,Indian Institute of Management Udaipur,"Udaipur, India",Public,AP
154,Indiana State University,"Terre Haute, Indiana, United States",Public,AM
155,Indiana University Bloomington/Indianapolis,"Bloomington, Indiana, United States",Public,AM
156,Indiana University Kokomo,"Kokomo, Indiana, United States",Public,AM
157,Indiana University South Bend,"South Bend, Indiana, United States",Public,AM
158,Indiana University Southeast,"New Albany, Indiana, United States",Public,AM
159,Inha University,"Incheon, South Korea",Private,AP
160,Institut Mines-Telecom Business School,"Evry Cedex, France",Public,EU-ME-AF
161,Instituto Tecnológico Autónomo de México (ITAM),"Col.Tizapan San Angel, Mexico",Private,AM
162,"International Business School Suzhou, Xi'an Jiaotong-Liverpool University","Suzhou, China (Mainland)",Public,AP
163,Iona University,"New Rochelle, New York, United States",Private,AM
164,Iowa State University,"Ames, Iowa, United States",Public,AM
165,Jackson State University,"Jackson, Mississippi, United States",Public,AM
166,Jacksonville State University,"Jacksonville, Alabama, United States",Public,AM
167,James Madison University,"Harrisonburg, Virginia, United States",Public,AM
168,John Carroll University,"University Heights, Ohio, United States",Private,AM
169,"Johns Hopkins Carey Business School, Johns Hopkins University","Baltimore, Maryland, United States",Private,AM
170,"Jyväskylä University School of Business and Economics, University of Jyväskylä","Jyväskylä, Finland",Public,EU-ME-AF
171,"Jönköping International Business School, Jönköping University","Jönköping, Sweden",Public,EU-ME-AF
172,KEDGE Business School,"Bordeaux, France",Private,EU-ME-AF
173,Kansas State University,"Manhattan, Kansas, United States",Public,AM
174,Karlstad University,"Karlstad, Sweden",Public,EU-ME-AF
175,Kean University,"Union, New Jersey, United States",Public,AM
176,Kennesaw State University,"Kennesaw, Georgia, United States",Public,AM
177,Kent State University,"Kent, Ohio, United States",Public,AM
178,King Fahd University of Petroleum and Minerals,"Dhahran, Saudi Arabia",Public,EU-ME-AF
179,King Saud University,"Riyadh, Saudi Arabia",Public,EU-ME-AF
180,King's College London,"London, United Kingdom",Public,EU-ME-AF
181,Kingston University,"Kingston Upon Thames, United Kingdom",Public,EU-ME-AF
182,Kuwait University,"Kuwait City, Kuwait",Public,EU-ME-AF
183,La Salle University,"Philadelphia, Pennsylvania, United States",Private,AM
184,La Trobe University,"Melbourne, Australia",Public,AP
185,Lamar University,"Beaumont, Texas, United States",Public,AM
186,Lancaster University,"Lancaster, Lancashire, United Kingdom",Public,EU-ME-AF
187,Lander University,"Greenwood, South Carolina, United States",Public,AM
188,Lawrence Technological University,"Southfield, Michigan, United States",Private,AM
189,Le Moyne College,"Syracuse, New York, United States",Private,AM
190,Lehigh University,"Bethlehem, Pennsylvania, United States",Private,AM
191,Lingnan University,"New Territories, Hong Kong SAR",Public,AP
192,Linnaeus University,"Växjö, Sweden",Public,EU-ME-AF
193,Lipscomb University,"Nashville, Tennesee, United States",Private,AM
194,Liverpool Hope University,"Liverpool, United Kingdom",Private,EU-ME-AF
195,Long Island University-Post Campus,"Brookville, New York, United States",Private,AM
196,Longwood University,"Farmville, Virginia, United States",Public,AM
197,Loughborough University,"Leicestershire, United Kingdom",Public,EU-ME-AF
198,Louisiana State University,"Baton Rouge, Louisiana, United States",Public,AM
199,Louisiana State University Shreveport,"Shreveport, Louisiana, United States",Public,AM
200,Louisiana Tech University,"Ruston, Louisiana, United States",Public,AM
201,Loyola Marymount University,"Los Angeles, California, United States",Private,AM
202,Loyola University Chicago,"Chicago, Illinois, United States",Private,AM
203,Loyola University Maryland,"Baltimore, Maryland, United States",Private,AM
204,Loyola University New Orleans,"New Orleans, Louisiana, United States",Private,AM
205,Lucerne University of Applied Sciences and Arts,"Lucerne, Switzerland",Public,EU-ME-AF
206,Lund University,"Lund, Sweden",Public,EU-ME-AF
207,Macquarie University,"Sydney, Australia",Public,AP
208,"Maine Business School and Graduate School of Business, University of Maine","Orono, Maine, United States",Public,AM
209,Manchester Metropolitan University,"Manchester, Lancashire, United Kingdom",Private,EU-ME-AF
210,Manhattan College,"Riverdale, New York, United States",Private,AM
211,Marquette University,"Milwaukee, Wisconsin, United States",Private,AM
212,Marshall University,"Huntington, West Virginia, United States",Public,AM
213,Massey University,"Palmerston North, New Zealand",Public,AP
214,McNeese State University,"Lake Charles, Louisiana, United States",Public,AM
215,Mercer University-Macon and Atlanta Campuses,"Macon, Georgia, United States",Private,AM
216,Meredith College,"Raleigh, North Carolina, United States",Private,AM
217,Metropolitan State University of Denver,"Denver, Colorado, United States",Public,AM
218,Michigan State University,"East Lansing, Michigan, United States",Public,AM
219,Michigan Technological University,"Houghton, Michigan, United States",Public,AM
220,Middle Tennessee State University,"Murfreesboro, Tennesee, United States",Public,AM
221,Midwestern State University,"Wichita Falls, Texas, United States",Public,AM
222,"Minnesota State University, Mankato","Mankato, Minnesota, United States",Public,AM
223,Mississippi State University,"Mississippi State, Mississippi, United States",Public,AM
224,Missouri State University,"Springfield, Missouri, United States",Public,AM
225,Missouri Western State University,"St. Joseph, Missouri, United States",Public,AM
226,"Monash Business School, Monash University","Caulfield East, Australia",Public,AP
227,Monmouth University,"West Long Branch, New Jersey, United States",Private,AM
228,Montclair State University,"Montclair, New Jersey, United States",Public,AM
229,Montpellier Business School,"Montpellier Cedex 4, France",Private,EU-ME-AF
230,Morehead State University,"Morehead, Kentucky, United States",Public,AM
231,Morgan State University,"Baltimore, Maryland, United States",Public,AM
232,Murray State University,"Murray, Kentucky, United States",Public,AM
233,NEOMA Business School,"Mont Saint Signan Cedex, France",Public,EU-ME-AF
234,Nagoya University of Commerce and Business,"Nisshin City, Japan",Private,AP
235,Nanyang Technological University,Singapore,Public,AP
236,National Chung Cheng University,"Chiayi County, Taiwan",Public,AP
237,National Kaohsiung University of Science and Technology-First Campus,"Kaohsiung City, Taiwan",Public,AP
238,National Sun Yat-sen University,"Kaohsiung City, Taiwan",Public,AP
239,National University of Singapore,Singapore,Public,AP
240,New Jersey Institute of Technology,"Newark, New Jersey, United States",Public,AM
241,New Mexico State University,"Las Cruces, New Mexico, United States",Public,AM
242,Newcastle University,"Newcastle, Tyne, United Kingdom",Public,EU-ME-AF
243,Niagara University,"Niagara University, New York, United States",Private,AM
244,Nicholls State University,"Thibodaux, Louisiana, United States",Public,AM
245,Nichols College,"Dudley, Massachusetts, United States",Private,AM
246,North Carolina A&T State University,"Greensboro, North Carolina, United States",Public,AM
247,North Dakota State University,"Fargo, North Dakota, United States",Public,AM
248,Northeastern Illinois University,"Chicago, Illinois, United States",Public,AM
249,Northeastern University,"Boston, Massachusetts, United States",Private,AM
250,Northern Arizona University,"Flagstaff, Arizona, United States",Public,AM
251,Northern Illinois University,"DeKalb, Illinois, United States",Public,AM
252,Northern Kentucky University,"Newport, Kentucky, United States",Public,AM
253,Northumbria University,"Newcastle Upon Tyne, United Kingdom",Public,EU-ME-AF
254,Nottingham Trent University,"Nottingham, United Kingdom",Public,EU-ME-AF
255,Nova Southeastern University,"Fort Lauderdale, Florida, United States",Private,AM
256,Oakland University,"Rochester, Michigan, United States",Public,AM
257,Ohio Northern University,"Ada, Ohio, United States",Private,AM
258,Ohio University,"Athens, Ohio, United States",Public,AM
259,Oklahoma City University,"Oklahoma City, Oklahoma, United States",Private,AM
260,Oklahoma State University,"Stillwater, Oklahoma, United States",Public,AM
261,Old Dominion University,"Norfolk, Virginia, United States",Public,AM
262,Oregon State University,"Corvallis, Oregon, United States",Public,AM
263,Pace University,"New York, New York, United States",Private,AM
264,Palm Beach Atlantic University,"West Palm Beach, Florida, United States",Private,AM
265,Peking University,"Haidian District, China (Mainland)",Public,AP
266,Pforzheim University,"Pforzheim, Germany",Public,EU-ME-AF
267,Pittsburg State University,"Pittsburg, Kansas, United States",Public,AM
268,"Politecnico di Milano School of Management, Politecnico Milano","Milano, Italy",Public,EU-ME-AF
269,Pontificia Universidad Javeriana Cali,"Cali, Colombia",Private,AM
270,Prairie View A&M University,"Prairie View, Texas, United States",Public,AM
271,Princess Sumaya University for Technology,"Amman, Jordan",Private,EU-ME-AF
272,Providence College,"Providence, Rhode Island, United States",Private,AM
273,Purdue University,"West Lafayette, Indiana, United States",Public,AM
274,Purdue University Northwest,"Hammond, Indiana, United States",Public,AM
275,"Putra Business School, Universiti Putra Malaysia","Serdang, Malaysia",Private,AP
276,Qatar University,"Doha, Qatar",Public,EU-ME-AF
277,Queen Mary University of London,"London, United Kingdom",Public,EU-ME-AF
278,Queensland University of Technology,"Brisbane, Australia",Public,AP
279,Quinnipiac University,"Hamden, Connecticut, United States",Private,AM
280,Radford University,"Radford, Virginia, United States",Public,AM
281,Ramapo College of New Jersey,"Mahwah, New Jersey, United States",Public,AM
282,Renmin University of China,"Haidian District, China (Mainland)",Public,AP
283,Rennes School of Business,"Rennes, France",Private,EU-ME-AF
284,Rider University,"Lawrenceville, New Jersey, United States",Private,AM
285,Robert Gordon University,"Aberdeen, United Kingdom",Public,EU-ME-AF
286,Rochester Institute of Technology,"Rochester, New York, United States",Private,AM
287,Roger Williams University,"Bristol, Rhode Island, United States",Private,AM
288,"Rotterdam School of Management, Erasmus University Rotterdam","Rotterdam, Netherlands",Public,EU-ME-AF
289,Rowan University,"Glassboro, New Jersey, United States",Public,AM
290,"Royal Holloway, University of London","Surrey, United Kingdom",Public,EU-ME-AF
291,Rutgers-The State University of New Jersey-Camden,"Camden, New Jersey, United States",Public,AM
292,Rutgers-The State University of New Jersey-Newark/New Brunswick,"Newark, New Jersey, United States",Public,AM
293,SKEMA Business School,"SOPHIA ANTIPOLIS, France",Private,EU-ME-AF
294,Sacred Heart University,"Fairfield, Connecticut, United States",Private,AM
295,Saginaw Valley State University,"University Center, Michigan, United States",Public,AM
296,Saint Joseph's University,"Philadelphia, Pennsylvania, United States",Private,AM
297,Saint Louis University,"St. Louis, Missouri, United States",Private,AM
298,Saint Mary's University,"Halifax, Canada",Public,AM
299,Saint Xavier University,"Chicago, Illinois, United States",Private,AM
300,Salem State University,"Salem, Massachusetts, United States",Public,AM
301,Salisbury University,"Salisbury, Maryland, United States",Public,AM
302,Sam Houston State University,"Huntsville, Texas, United States",Public,AM
303,San Diego State University,"San Diego, California, United States",Public,AM
304,San Francisco State University,"San Francisco, California, United States",Public,AM
305,San José State University,"San Jose, California, United States",Public,AM
306,Santa Clara University,"Santa Clara, California, United States",Private,AM
307,"Sasin School of Management, Chulalongkorn University","Bangkok, Thailand",Private,AP
308,Savannah State University,"Savannah, Georgia, United States",Public,AM
309,"School of Business, Economics, and Law, University of Gothenburg","Gothenburg, Sweden",Public,EU-ME-AF
310,"School of Business, Hanyang University","Seoul, South Korea",Private,AP
311,"School of Business, Hong Kong Baptist University","Kowloon, Hong Kong SAR",Public,AP
312,"School of Business, The University of Jordan","Amman, Jordan",Public,EU-ME-AF
313,"School of Management, Zhejiang University","Hangzhou, China (Mainland)",Public,AP
314,Seattle Pacific University,"Seattle, Washington, United States",Private,AM
315,Seattle University,"Seattle, Washington, United States",Private,AM
316,Sejong University,"Seoul, South Korea",Private,AP
317,Seton Hall University,"South Orange, New Jersey, United States",Private,AM
318,Sheffield Hallam University,"Sheffield, South Yorkshire, United Kingdom",Public,EU-ME-AF
319,Shippensburg University,"Shippensburg, Pennsylvania, United States",Public,AM
320,Siena College,"Loudonville, New York, United States",Private,AM
321,Simon Fraser University,"Burnaby, Canada",Public,AM
322,Singapore Management University,"Singapore, Singapore",Private,AP
323,Slippery Rock University,"Slippery Rock, Pennsylvania, United States",Public,AM
324,Southeast Missouri State University,"Cape Girardeau, Missouri, United States",Public,AM
325,Southeastern Louisiana University,"Hammond, Louisiana, United States",Public,AM
326,Southeastern Oklahoma State University,"Durant, Oklahoma, United States",Public,AM
327,Southern Arkansas University,"Magnolia, Arkansas, United States",Public,AM
328,Southern Illinois University Carbondale,"Carbondale, Illinois, United States",Public,AM
329,Southern Illinois University Edwardsville,"Edwardsville, Illinois, United States",Public,AM
330,Southern Methodist University,"Dallas, Texas, United States",Private,AM
331,Southern Taiwan University of Science and Technology,"Tainan City, Taiwan",Private,AP
332,Southern University and A&M College,"Baton Rouge, Louisiana, United States",Public,AM
333,Southern Utah University,"Cedar City, Utah, United States",Public,AM
334,St. Bonaventure University,"St. Bonaventure, New York, United States",Private,AM
335,St. Cloud State University,"Saint Cloud, Minnesota, United States",Public,AM
336,St. Edward's University,"Austin, Texas, United States",Private,AM
337,St. John Fisher University,"Rochester, New York, United States",Private,AM
338,St. John's University,"Queens, New York, United States",Private,AM
339,St. Mary's University,"San Antonio, Texas, United States",Private,AM
340,Stanford University,"Stanford, California, United States",Private,AM
341,State University of New York Brockport,"Brockport, New York, United States",Public,AM
342,State University of New York at New Paltz,"New Paltz, New York, United States",Public,AM
343,State University of New York at Oswego,"Oswego, New York, United States",Public,AM
344,State University of New York at Plattsburgh,"Plattsburgh, New York, United States",Public,AM
345,Stephen F. Austin State University,"Nacogdoches, Texas, United States",Public,AM
346,Stetson University,"DeLand, Florida, United States",Private,AM
347,Stockton University,"Galloway, New Jersey, United States",Public,AM
348,Stonehill College,"Easton, Massachusetts, United States",Private,AM
349,Suffolk University,"Boston, Massachusetts, United States",Private,AM
350,Sunway University,"Kuala Lumpur, Malaysia",Private,AP
351,Swinburne University of Technology,"Melbourne, Australia",Public,AP
352,Syracuse University,"Syracuse, New York, United States",Private,AM
353,"T. A. Pai Management Institute, Manipal Academy of Higher Education (Institution of Eminence Deemed to be University)","Manipal, India",Private,AP
354,TBS Education,"Toulouse Cedex 7, France",Private,EU-ME-AF
355,"TIAS School for Business and Society, Tilburg University","Tilburg, Netherlands",Public,EU-ME-AF
356,Tarleton State University,"Stephenville, Texas, United States",Public,AM
357,"Tasmanian School of Business and Economics, University of Tasmania","Hobart, Australia",Public,AP
358,Tel Aviv University,"Tel Aviv, Israel",Public,EU-ME-AF
359,Temple University,"Philadelphia, Pennsylvania, United States",Public,AM
360,Tennessee Technological University,"Cookeville, Tennesee, United States",Public,AM
361,Texas A&M International University,"Laredo, Texas, United States",Public,AM
362,Texas A&M University,"College Station, Texas, United States",Public,AM
363,Texas A&M University-Central Texas,"Killeen, Texas, United States",Public,AM
364,Texas A&M University-Commerce,"Commerce, Texas, United States",Public,AM
365,Texas A&M University-Corpus Christi,"Corpus Christi, Texas, United States",Public,AM
366,Texas A&M University-Kingsville,"Kingsville, Texas, United States",Public,AM
367,Texas A&M University-San Antonio,"San Antonio, Texas, United States",Public,AM
368,Texas A&M University-Texarkana,"Texarkana, Texas, United States",Public,AM
369,Texas Christian University,"Texas, United States",Private,AM
370,Texas Southern University,"Houston, Texas, United States",Public,AM
371,Texas State University,"San Marcos, Texas, United States",Public,AM
372,Texas Tech University,"Lubbock, Texas, United States",Public,AM
373,Texas Wesleyan University,"Fort Worth, Texas, United States",Private,AM
374,Texas Woman's University,"Denton, Texas, United States",Public,AM
375,Thammasat University,"Bangkok, Thailand",Public,AP
376,The American University - Cairo,"Cairo, Egypt",Private,EU-ME-AF
377,The Chinese University of Hong Kong,"New Territories, Hong Kong SAR",Public,AP
378,The Citadel,"Charleston, South Carolina, United States",Public,AM
379,The College of New Jersey,"Ewing, New Jersey, United States",Public,AM
380,The Hong Kong University of Science and Technology,"Kowloon, Hong Kong SAR",Public,AP
381,The Ohio State University,"Columbus, Ohio, United States",Public,AM
382,The Pennsylvania State University,"University Park, Pennsylvania, United States",Public,AM
383,The Pennsylvania State University at Erie The Behrend College,"Erie, Pennsylvania, United States",Public,AM
384,The Pennsylvania State University at Harrisburg,"Middletown, Pennsylvania, United States",Public,AM
385,The State University of New York Polytechnic Institute,"Utica, New York, United States",Public,AM
386,The University of Adelaide,"Adelaide, Australia",Public,AP
387,The University of Akron,"Akron, Ohio, United States",Public,AM
388,The University of Alabama,"Tuscaloosa, Alabama, United States",Public,AM
389,The University of Auckland,"Auckland, New Zealand",Public,AP
390,The University of Georgia,"Athens, Georgia, United States",Public,AM
391,The University of Hong Kong,"Hong Kong Island, Hong Kong SAR",Public,AP
392,The University of Hull,"Hull, East Yorkshire, United Kingdom",Public,EU-ME-AF
393,The University of Iowa,"Iowa City, Iowa, United States",Public,AM
394,The University of Liverpool,"Liverpool Merseyside, United Kingdom",Public,EU-ME-AF
395,The University of Manchester,"Manchester, United Kingdom",Public,EU-ME-AF
396,The University of Memphis,"Memphis, Tennesee, United States",Public,AM
397,The University of Michigan-Dearborn,"Dearborn, Michigan, United States",Public,AM
398,The University of Michigan-Flint,"Flint, Michigan, United States",Public,AM
399,The University of Mississippi,"Oxford, Mississippi, United States",Public,AM
400,The University of Newcastle,"Newcastle, Australia",Public,AP
401,The University of North Carolina at Chapel Hill,"Chapel Hill, North Carolina, United States",Public,AM
402,The University of North Carolina at Greensboro,"Greensboro, North Carolina, United States",Public,AM
403,The University of North Carolina at Pembroke,"Pembroke, North Carolina, United States",Public,AM
404,The University of North Dakota,"Grand Forks, North Dakota, United States",Public,AM
405,The University of Queensland,"Brisbane, Australia",Public,AP
406,The University of Sheffield,"Sheffield, United Kingdom",Public,EU-ME-AF
407,The University of Sydney,"Sydney, Australia",Public,AP
408,The University of Tampa,"Tampa, Florida, United States",Private,AM
409,The University of Texas Permian Basin,"Odessa, Texas, United States",Public,AM
410,The University of Texas Rio Grande Valley,"Edinburg, Texas, United States",Public,AM
411,The University of Texas at Arlington,"Arlington, Texas, United States",Public,AM
412,The University of Texas at Austin,"Austin, Texas, United States",Public,AM
413,The University of Texas at Dallas,"Richardson, Texas, United States",Public,AM
414,The University of Texas at El Paso,"El Paso, Texas, United States",Public,AM
415,The University of Texas at San Antonio,"San Antonio, Texas, United States",Public,AM
416,The University of Texas at Tyler,"Tyler, Texas, United States",Public,AM
417,The University of Tulsa,"Tulsa, Oklahoma, United States",Private,AM
418,The University of Waikato,"Hamilton, New Zealand",Public,AP
419,"Tilburg School of Economics and Management, Tilburg University","Tilburg, Netherlands",Public,EU-ME-AF
420,Tongji University,"Shanghai, China (Mainland)",Public,AP
421,Towson University,"Towson, Maryland, United States",Public,AM
422,"Trinity Business School, Trinity College Dublin, the University of Dublin","Dublin, Ireland",Public,EU-ME-AF
423,Trinity University,"San Antonio, Texas, United States",Private,AM
424,UNSW Sydney,"Sydney, Australia",Public,AP
425,Umeå University,"Umeå, Sweden",Public,EU-ME-AF
426,United Arab Emirates University,"Al-Ain, United Arab Emirates",Public,EU-ME-AF
427,Universidad Anahuac México,"Huixquilucan, Estudios de Mexico, Mexico",Private,AM
428,Universidad Carlos III de Madrid,"Getafe, Madrid, Spain",Public,EU-ME-AF
429,Universidad Católica del Uruguay,"Montevideo, Uruguay",Private,AM
430,Universidad Icesi,"Cali, Colombia",Private,AM
431,Universidad de Chile,"Santiago, Chile",Public,AM
432,Universidad de Monterrey,"San Pedro Garza Garcia, Nuevo Leon, Mexico",Private,AM
433,Universidad de las Americas Puebla,"San Andres Cholula, Mexico",Private,AM
434,Universidad de los Andes,"Bogotá, Colombia",Private,AM
435,Universidad del Pacífico,"Lima, Peru",Private,AM
436,Universidade Católica Portuguesa,"Lisbon 1649-023, Portugal",Private,EU-ME-AF
437,Universiti Malaya,"Kuala Lumpur, Malaysia",Public,AP
438,Universiti Putra Malaysia,"Kuala Lumpur, Malaysia",Public,AP
439,Universiti Utara Malaysia,"Jitra, Kedah Darul Aman, Malaysia",Public,AP
440,University College Cork,"Cork, Ireland",Public,EU-ME-AF
441,University College Dublin,"Dublin, Ireland",Public,EU-ME-AF
442,University of Agder,"Kristiansand, Norway",Public,EU-ME-AF
443,University of Alabama at Birmingham,"Birmingham, Alabama, United States",Public,AM
444,University of Alabama in Huntsville,"Huntsville, Alabama, United States",Public,AM
445,University of Alaska Anchorage,"Anchorage, Alaska, United States",Public,AM
446,University of Alaska Fairbanks,"Fairbanks, Alaska, United States",Public,AM
447,University of Alberta,"Edmonton, Canada",Public,AM
448,University of Arkansas,"Fayetteville, Arkansas, United States",Public,AM
449,University of Arkansas at Little Rock,"Little Rock, Arkansas, United States",Public,AM
450,University of Bahrain,"Awali, Bahrain",Public,AP
451,University of Baltimore,"Baltimore, Maryland, United States",Public,AM
452,University of Birmingham,"Birmingham, United Kingdom",Public,EU-ME-AF
453,University of Bradford,"Bradford, West Yorkshire, United Kingdom",Public,EU-ME-AF
454,University of Calgary,"Calgary, Canada",Public,AM
455,"University of California, Davis","Davis, California, United States",Public,AM
456,"University of California, Los Angeles","Los Angeles, California, United States",Public,AM
457,"University of California, Riverside","Riverside, California, United States",Public,AM
458,University of Canterbury,"Christchurch, New Zealand",Public,AP
459,University of Central Arkansas,"Conway, Arkansas, United States",Public,AM
460,University of Central Florida,"Orlando, Florida, United States",Public,AM
461,University of Central Missouri,"Warrensburg, Missouri, United States",Public,AM
462,University of Central Oklahoma,"Edmond, Oklahoma, United States",Public,AM
463,University of Cincinnati,"Cincinnati, Ohio, United States",Public,AM
464,University of Colorado Colorado Springs,"Colorado Springs, Colorado, United States",Public,AM
465,University of Colorado Denver,"Denver, Colorado, United States",Public,AM
466,University of Colorado at Boulder,"Boulder, Colorado, United States",Public,AM
467,University of Connecticut,"Storrs, Connecticut, United States",Public,AM
468,University of Cyprus,"Aglantzia, Cyprus",Public,EU-ME-AF
469,University of Dayton,"Dayton, Ohio, United States",Private,AM
470,University of Denver,"Denver, Colorado, United States",Private,AM
471,University of Dubai,"Dubai, United Arab Emirates",Private,EU-ME-AF
472,University of Economics in Bratislava,"Bratislava, Slovakia",Public,EU-ME-AF
473,University of Edinburgh,"Edinburgh, United Kingdom",Public,EU-ME-AF
474,University of Exeter,"Exeter, United Kingdom",Private,EU-ME-AF
475,University of Florida,"Gainesville, Florida, United States",Public,AM
476,University of Galway,"Galway, Ireland",Public,EU-ME-AF
477,University of Glasgow,"Glasgow, United Kingdom",Public,EU-ME-AF
478,University of Groningen,"Groningen, Netherlands",Public,EU-ME-AF
479,University of Guelph,"Guelph, Canada",Public,AM
480,University of Hartford,"West Hartford, Connecticut, United States",Private,AM
481,University of Hawaii at Manoa,"Honolulu, Hawaii, United States",Public,AM
482,University of Houston,"Houston, Texas, United States",Public,AM
483,University of Houston-Clear Lake,"Houston, Texas, United States",Public,AM
484,University of Houston-Downtown,"Houston, Texas, United States",Public,AM
485,University of Houston-Victoria,"Victoria, Texas, United States",Public,AM
486,University of Huddersfield,"Huddersfield, United Kingdom",Public,EU-ME-AF
487,University of Idaho,"Moscow, Idaho, United States",Public,AM
488,University of Illinois at Chicago,"Chicago, Illinois, United States",Public,AM
489,University of Illinois at Springfield,"Springfield, Illinois, United States",Public,AM
490,University of Illinois at Urbana-Champaign,"Champaign, Illinois, United States",Public,AM
491,University of Kansas,"Lawrence, Kansas, United States",Public,AM
492,University of Kent,"Canterbury, United Kingdom",Public,EU-ME-AF
493,University of Kentucky,"Lexington, Kentucky, United States",Public,AM
494,University of Leeds,"Leeds, West Yorkshire, United Kingdom",Public,EU-ME-AF
495,University of Lethbridge,"Lethbridge, Canada",Public,AM
496,University of Limerick,"Limerick, Ireland",Public,EU-ME-AF
497,University of Lisbon,"Lisboa, Portugal",Public,EU-ME-AF
498,University of Ljubljana,"Ljubljana, Slovenia",Public,EU-ME-AF
499,University of Louisiana at Lafayette,"Lafayette, Louisiana, United States",Public,AM
500,University of Louisiana at Monroe,"Monroe, Louisiana, United States",Public,AM
501,University of Louisville,"Louisville, Kentucky, United States",Public,AM
502,University of Macau,"Taipa, Macau SAR",Public,AP
503,University of Manitoba,"Winnipeg, Canada",Public,AM
504,University of Mannheim,"Mannheim, Germany",Public,EU-ME-AF
505,University of Maribor,"Maribor, Slovenia",Public,EU-ME-AF
506,University of Maryland,"College Park, Maryland, United States",Public,AM
507,University of Massachusetts Amherst,"Amherst, Massachusetts, United States",Public,AM
508,University of Massachusetts Dartmouth,"North Dartmouth, Massachusetts, United States",Public,AM
509,University of Melbourne,"Melbourne, Australia",Public,AP
510,University of Miami,"Coral Gables, Florida, United States",Private,AM
511,University of Minnesota,"Minneapolis, Minnesota, United States",Public,AM
512,University of Minnesota Duluth,"Duluth, Minnesota, United States",Public,AM
513,University of Missouri,"Columbia, Missouri, United States",Public,AM
514,University of Missouri-Kansas City,"Kansas City, Missouri, United States",Public,AM
515,University of Montana,"Missoula, Montana, United States",Public,AM
516,University of Montevallo,"Montevallo, Alabama, United States",Public,AM
517,University of Münster,"Muenster, Germany",Public,EU-ME-AF
518,University of Nebraska at Kearney,"Kearney, Nebraska, United States",Public,AM
519,University of Nebraska at Omaha,"Omaha, Nebraska, United States",Public,AM
520,University of Nebraska-Lincoln,"Lincoln, Nebraska, United States",Public,AM
521,"University of Nevada, Las Vegas","Las Vegas, Nevada, United States",Public,AM
522,"University of Nevada, Reno","Reno, Nevada, United States",Public,AM
523,University of New Haven,"West Haven, Connecticut, United States",Private,AM
524,University of New Orleans,"New Orleans, Louisiana, United States",Public,AM
525,University of North Alabama,"Florence, Alabama, United States",Public,AM
526,University of North Carolina Wilmington,"Wilmington, North Carolina, United States",Public,AM
527,University of North Carolina at Charlotte,"Charlotte, North Carolina, United States",Public,AM
528,University of North Florida,"Jacksonville, Florida, United States",Public,AM
529,University of North Georgia,"Dahlonega, Georgia, United States",Public,AM
530,University of North Texas,"Denton, Texas, United States",Public,AM
531,University of Northern Colorado,"Greeley, Colorado, United States",Public,AM
532,University of Northern Iowa,"Cedar Falls, Iowa, United States",Public,AM
533,University of Notre Dame,"Notre Dame, Indiana, United States",Private,AM
534,University of Nottingham,"Nottingham, United Kingdom",Public,EU-ME-AF
535,University of Oklahoma,"Norman, Oklahoma, United States",Public,AM
536,University of Oregon,"Eugene, Oregon, United States",Public,AM
537,University of Otago,"Dunedin, New Zealand",Public,AP
538,University of Oulu,"Oulu, Finland",Public,EU-ME-AF
539,University of Pittsburgh,"Pittsburgh, Pennsylvania, United States",Public,AM
540,University of Portland,"Portland, Oregon, United States",Private,AM
541,University of Porto,"Porto, Portugal",Public,EU-ME-AF
542,University of Puerto Rico at Rio Piedras,"San Juan, Puerto Rico, United States",Public,AM
543,University of Richmond,"Richmond, Virginia, United States",Private,AM
544,University of Rochester,"Rochester, New York, United States",Private,AM
545,University of San Diego,"San Diego, California, United States",Private,AM
546,University of San Francisco,"San Francisco, California, United States",Private,AM
547,University of Saskatchewan,"Saskatoon, Canada",Public,AM
548,University of Scranton,"Scranton, Pennsylvania, United States",Private,AM
549,University of Sharjah,"Sharjah, United Arab Emirates",Public,EU-ME-AF
550,University of South Alabama,"Mobile, Alabama, United States",Public,AM
551,University of South Australia,"Adelaide, Australia",Public,AP
552,University of South Carolina,"Columbia, South Carolina, United States",Public,AM
553,University of South Carolina Upstate,"Spartanburg, South Carolina, United States",Public,AM
554,University of South Dakota,"Vermillion, South Dakota, United States",Public,AM
555,University of South Florida,"Tampa, Florida, United States",Public,AM
556,University of Southampton,"Southampton, Hampshire, United Kingdom",Public,EU-ME-AF
557,University of Southern California,"Los Angeles, California, United States",Private,AM
558,University of Southern Mississippi,"Hattiesburg, Mississippi, United States",Public,AM
559,University of St. Thomas-Houston,"Houston, Texas, United States",Private,AM
560,University of St. Thomas-Minnesota,"Minneapolis, Minnesota, United States",Private,AM
561,University of St.Gallen,"St. Gallen, Switzerland",Public,EU-ME-AF
562,University of Strathclyde,"Glasgow, United Kingdom",Private,EU-ME-AF
563,University of Surrey,"Guildford, Surrey, United Kingdom",Public,EU-ME-AF
564,University of Technology Sydney,"Sydney, Australia",Public,AP
565,University of Tennessee at Chattanooga,"Chattanooga, Tennesee, United States",Public,AM
566,University of Tennessee at Knoxville,"Knoxville, Tennesee, United States",Public,AM
567,University of Tennessee at Martin,"Martin, Tennesee, United States",Public,AM
568,University of Toledo,"Toledo, Ohio, United States",Public,AM
569,University of Turku,"Turku, Finland",Public,EU-ME-AF
570,University of Utah,"Salt Lake City, Utah, United States",Public,AM
571,University of Vermont,"Burlington, Vermont, United States",Public,AM
572,University of Virginia-McIntire,"Charlottesville, Virginia, United States",Public,AM
573,University of Washington,"Seattle, Washington, United States",Public,AM
574,University of Washington Bothell,"Bothell, Washington, United States",Public,AM
575,University of Washington Tacoma,"Tacoma, Washington, United States",Public,AM
576,University of West Florida,"Pensacola, Florida, United States",Public,AM
577,University of West Georgia,"Carrollton, Georgia, United States",Public,AM
578,University of Western Australia,"Perth, Australia",Public,AP
579,University of Wisconsin Oshkosh,"Oshkosh, Wisconsin, United States",Public,AM
580,University of Wisconsin-Eau Claire,"Eau Claire, Wisconsin, United States",Public,AM
581,University of Wisconsin-Madison,"Madison, Wisconsin, United States",Public,AM
582,University of Wisconsin-Parkside,"Kenosha, Wisconsin, United States",Public,AM
583,University of Wisconsin-Stevens Point,"Stevens Point, Wisconsin, United States",Public,AM
584,University of Wisconsin-Whitewater,"Whitewater, Wisconsin, United States",Public,AM
585,University of Wollongong,"Wollongong, Australia",Public,AP
586,University of Wyoming,"Laramie, Wyoming, United States",Public,AM
587,University of the Pacific,"Stockton, California, United States",Private,AM
588,Utah State University,"Logan, Utah, United States",Public,AM
589,Utah Valley University,"Orem, Utah, United States",Public,AM
590,Valdosta State University,"Valdosta, Georgia, United States",Public,AM
591,Valparaiso University,"Valparaiso, Indiana, United States",Private,AM
592,Vanderbilt University,"Nashville, Tennesee, United States",Private,AM
593,Villanova University,"Villanova, Pennsylvania, United States",Private,AM
594,Virginia Commonwealth University,"Richmond, Virginia, United States",Public,AM
595,Virginia Polytechnic Institute and State University,"Blacksburg, Virginia, United States",Public,AM
596,WU Vienna University of Economics and Business,"Vienna, Austria",Public,EU-ME-AF
597,Washburn University,"Topeka, Kansas, United States",Public,AM
598,Washington State University,"Pullman, Washington, United States",Public,AM
599,Washington University in St. Louis,"St. Louis, Missouri, United States",Private,AM
600,Wayne State University,"Detroit, Michigan, United States",Public,AM
601,West Chester University of PA,"West Chester, Pennsylvania, United States",Public,AM
602,West Texas A&M University,"Canyon, Texas, United States",Public,AM
603,West Virginia University,"Morgantown, West Virginia, United States",Public,AM
604,Western Carolina University,"Cullowhee, North Carolina, United States",Private,AM
605,Western Connecticut State University,"Danbury, Connecticut, United States",Public,AM
606,Western Illinois University,"Macomb, Illinois, United States",Private,AM
607,Western Kentucky University,"Bowling Green, Kentucky, United States",Private,AM
608,Western Michigan University,"Kalamazoo, Michigan, United States",Private,AM
609,Western New England University,"Springfield, Massachusetts, United States",Private,AM
610,Western Sydney University,"Parramatta, Australia",Public,AP
611,Western Washington University,"Bellingham, Washington, United States",Private,AM
612,Whitworth University,"Spokane, Washington, United States",Private,AM
613,Widener University,"Chester, Pennsylvania, United States",Private,AM
614,William Paterson University,"Wayne, New Jersey, United States",Public,AM
615,Winona State University,"Winona, Minnesota, United States",Public,AM
616,Woodbury University,"Burbank, California, United States",Private,AM
617,Wright State University,"Dayton, Ohio, United States",Public,AM
618,Xavier University,"Cincinnati, Ohio, United States",Private,AM
619,Yale University,"New Haven, Connecticut, United States",Private,AM
620,Yonsei University,"Seoul, South Korea",Private,AP
621,Youngstown State University,"Youngstown, Ohio, United States",Public,AM
622,Yuan Ze University,"Taoyuan City, Taiwan",Private,AP
